,sex,address,Medu,Fedu,Mjob,Fjob,traveltime,studytime,failures,schoolsup,famsup,paid,activities,nursery,higher,internet,freetime,goout,health,absences,G1,G2,G3
0,0,0,4,4,0,2,2,2,0,0,0,0,0,0,0,0,3,4,3,4,0,11,11
1,0,0,1,1,0,1,1,2,0,0,0,0,0,0,0,0,3,3,3,2,9,11,11
2,0,0,1,1,0,1,1,2,0,0,0,0,0,0,0,0,3,2,3,6,12,13,12
3,0,0,4,2,4,3,1,3,0,0,0,0,0,0,0,0,2,2,5,0,14,14,14
4,0,0,3,3,1,1,1,2,0,0,0,0,0,0,0,0,3,2,5,0,11,13,13
5,0,0,4,3,3,1,1,2,0,0,0,0,0,0,0,0,4,2,5,6,12,12,13
6,0,0,2,2,1,1,1,2,0,0,0,0,0,0,0,0,4,4,3,0,13,12,13
7,0,0,4,4,1,2,2,2,0,0,0,0,0,0,0,0,1,4,1,2,10,13,13
8,0,0,3,2,3,1,1,2,0,0,0,0,0,0,0,0,2,2,1,0,15,16,17
9,0,0,3,4,1,1,1,2,0,0,0,0,0,0,0,0,5,1,5,0,12,12,13
10,0,0,4,4,2,4,1,2,0,0,0,0,0,0,0,0,3,3,2,2,14,14,14
11,0,0,2,1,3,1,3,3,0,0,0,0,0,0,0,0,2,2,4,0,10,12,13
12,0,0,4,4,4,3,1,1,0,0,0,0,0,0,0,0,3,3,5,0,12,13,12
13,0,0,4,3,2,1,2,2,0,0,0,0,0,0,0,0,4,3,3,0,12,12,13
14,0,0,2,2,1,1,1,3,0,0,0,0,0,0,0,0,5,2,3,0,14,14,15
15,0,0,4,4,4,1,1,1,0,0,0,0,0,0,0,0,4,4,2,6,17,17,17
16,0,0,4,4,3,3,1,3,0,0,0,0,0,0,0,0,2,3,2,10,13,13,14
17,0,0,3,3,1,1,3,2,0,0,0,0,0,0,0,0,3,2,4,2,13,14,14
18,0,0,3,2,3,3,1,1,3,0,0,0,0,0,0,0,5,5,5,2,8,8,7
19,0,0,4,3,4,1,1,1,0,0,0,0,0,0,0,0,1,3,5,6,12,12,12
20,0,0,4,3,2,1,1,2,0,0,0,0,0,0,0,0,4,1,1,0,12,13,14
21,0,0,4,4,4,4,1,1,0,0,0,0,0,0,0,0,4,2,5,0,11,12,12
22,0,0,4,2,2,1,1,2,0,0,0,0,0,0,0,0,5,1,5,0,12,13,14
23,0,0,2,2,1,1,2,2,0,0,0,0,0,0,0,0,4,4,5,2,10,10,10
24,0,0,2,4,3,4,1,3,0,0,0,0,0,0,0,0,3,2,5,2,10,11,10
25,0,0,2,2,3,3,1,1,0,0,0,0,0,0,0,0,2,2,5,6,10,11,12
26,0,0,2,2,1,1,1,1,0,0,0,0,0,0,0,0,2,2,5,8,11,12,12
27,0,0,4,2,4,3,1,1,0,0,0,0,0,0,0,0,2,4,1,0,11,11,11
28,0,0,3,4,3,1,1,2,0,0,0,0,0,0,0,0,3,3,5,2,12,12,13
29,0,0,4,4,2,2,1,2,0,0,0,0,0,0,0,0,4,5,5,4,12,11,12
30,0,0,4,4,4,3,1,2,0,0,0,0,0,0,0,0,4,2,5,0,10,11,11
31,0,0,4,4,3,3,2,2,0,0,0,0,0,0,0,0,3,1,5,2,15,15,15
32,0,0,4,3,2,0,1,2,0,0,0,0,0,0,0,0,5,2,5,0,13,14,15
33,0,0,3,3,1,1,1,2,0,0,0,0,0,0,0,0,3,2,2,0,13,12,12
34,0,0,3,2,1,1,1,1,0,0,0,0,0,0,0,0,4,3,5,4,12,12,12
35,0,0,2,3,1,1,2,1,0,0,0,0,0,0,0,0,5,1,5,4,11,11,11
36,0,0,4,3,2,3,1,3,0,0,0,0,0,0,0,0,4,3,4,0,14,14,14
37,0,0,4,4,1,2,2,3,0,0,0,0,0,0,0,0,4,3,5,4,13,13,13
38,0,0,3,4,3,4,1,3,0,0,0,0,0,0,0,0,3,2,5,2,11,12,12
39,0,0,2,2,0,1,1,1,0,0,0,0,0,0,0,0,3,1,2,8,14,13,12
40,0,0,2,2,1,1,2,2,0,0,0,0,0,0,0,0,3,3,3,16,11,11,10
41,0,0,4,4,2,1,1,1,0,0,0,0,0,0,0,0,4,3,5,8,10,11,11
42,0,0,4,4,3,2,1,2,0,0,0,0,0,0,0,0,3,3,5,0,14,15,15
43,0,0,2,2,3,3,1,1,0,0,0,0,0,0,0,0,4,1,1,0,9,10,10
44,0,0,2,2,1,0,2,2,1,0,0,0,0,0,0,0,3,3,5,14,10,11,11
45,0,0,4,3,1,1,1,2,0,0,0,0,0,0,0,0,2,2,5,4,10,11,11
46,0,0,3,3,1,3,1,2,0,0,0,0,0,0,0,0,3,5,3,6,13,12,13
47,0,0,4,3,4,3,1,4,0,0,0,0,0,0,0,0,2,2,2,2,17,17,17
48,0,0,4,2,2,1,1,2,0,0,0,0,0,0,0,0,3,3,5,4,11,12,13
49,0,0,4,4,3,2,1,2,0,0,0,0,0,0,0,0,4,4,3,2,13,12,12
50,0,0,2,2,3,3,3,2,0,0,0,0,0,0,0,0,3,3,4,0,14,13,13
51,0,0,4,2,4,1,1,2,0,0,0,0,0,0,0,0,3,3,5,0,16,14,16
52,0,0,4,2,4,4,2,1,0,0,0,0,0,0,0,0,5,5,5,4,10,9,9
53,0,0,4,4,3,3,1,1,0,0,0,0,0,0,0,0,3,4,5,0,13,12,12
54,0,0,3,3,1,1,1,1,0,0,0,0,0,0,0,0,3,4,1,0,13,12,13
55,0,0,2,1,1,1,1,2,0,0,0,0,0,0,0,0,3,4,2,2,12,13,12
56,0,0,4,3,3,3,1,2,0,0,0,0,0,0,0,0,3,2,1,0,15,14,15
57,0,0,4,4,2,4,1,2,0,0,0,0,0,0,0,0,2,2,5,8,15,15,16
58,0,0,1,2,1,0,1,2,0,0,0,0,0,0,0,0,3,2,5,0,14,13,14
59,0,0,4,2,3,1,1,2,0,0,0,0,0,0,0,0,2,3,5,2,16,15,16
60,0,0,4,4,4,2,1,2,0,0,0,0,0,0,0,0,4,4,4,0,17,16,16
61,0,0,1,1,3,3,4,1,0,0,0,0,0,0,0,0,5,5,5,0,10,10,16
62,0,0,1,2,1,3,1,2,0,0,0,0,0,0,0,0,4,3,1,0,13,13,10
63,0,0,4,3,2,4,1,3,0,0,0,0,0,0,0,0,4,4,4,0,14,13,13
64,0,0,4,3,3,3,1,2,0,0,0,0,0,0,0,0,4,4,2,0,13,12,12
65,0,0,4,3,2,3,3,2,0,0,0,0,0,0,0,0,4,3,1,2,16,15,16
66,0,0,4,4,1,3,1,4,0,0,0,0,0,0,0,0,3,3,3,0,11,12,12
67,0,0,3,1,3,1,1,4,0,0,0,0,0,0,0,0,3,3,5,0,10,9,10
68,0,0,2,2,4,3,2,2,0,0,0,0,0,0,0,0,1,3,4,0,11,10,11
69,0,0,3,1,1,1,2,4,0,0,0,0,0,0,0,0,4,2,3,6,15,15,15
70,0,0,3,1,1,1,2,4,0,0,0,0,0,0,0,0,3,2,5,2,13,11,11
71,0,0,4,2,1,1,1,4,0,0,0,0,0,0,0,0,3,3,3,0,11,9,10
72,0,0,1,1,1,1,1,2,0,0,0,0,0,0,0,0,3,4,5,2,13,11,11
73,0,0,3,1,1,1,1,1,0,0,0,0,0,0,0,0,3,2,5,0,13,13,14
74,0,0,3,3,1,3,1,2,0,0,0,0,0,0,0,0,3,3,5,4,11,11,11
75,0,0,4,3,2,1,1,2,0,0,0,0,0,0,0,0,3,3,5,0,11,11,11
76,0,0,4,0,2,1,2,4,0,0,0,0,0,0,0,0,4,3,1,0,12,11,11
77,0,0,2,2,1,1,1,4,0,0,0,0,0,0,0,0,2,3,3,1,13,13,13
78,0,0,2,1,1,1,2,1,3,0,0,0,0,0,0,0,5,1,3,0,9,9,10
79,0,0,3,4,0,1,1,2,0,0,0,0,0,0,0,0,4,3,3,14,12,11,11
80,0,0,2,3,1,3,1,1,0,0,0,0,0,0,0,0,2,2,3,0,11,11,12
81,0,0,2,3,1,1,1,3,0,0,0,0,0,0,0,0,3,2,5,2,10,9,9
82,0,0,3,2,3,1,1,2,0,0,0,0,0,0,0,0,4,4,5,4,12,11,11
83,0,0,2,2,3,3,2,2,0,0,0,0,0,0,0,0,3,3,4,2,13,12,13
84,0,0,1,1,1,1,1,2,0,0,0,0,0,0,0,0,3,2,4,2,13,12,12
85,0,0,4,4,3,3,2,2,0,0,0,0,0,0,0,0,4,4,5,4,12,11,12
86,0,0,2,2,0,1,1,2,0,0,0,0,0,0,0,0,3,4,2,6,13,11,11
87,0,0,4,2,1,1,1,3,0,0,0,0,0,0,0,0,3,3,1,4,15,15,15
88,0,0,2,2,3,1,2,2,0,0,0,0,0,0,0,0,4,2,3,6,12,10,11
89,0,0,4,4,2,4,1,2,0,0,0,0,0,0,0,0,1,3,5,6,9,9,10
90,0,0,3,3,1,1,1,3,0,0,0,0,0,0,0,0,3,3,4,2,9,11,11
91,0,0,4,3,3,1,1,1,0,0,0,0,0,0,0,0,5,5,1,6,14,13,13
92,0,0,3,1,1,1,1,2,0,0,0,0,0,0,0,0,3,3,2,0,12,13,12
93,0,0,4,2,2,3,2,2,0,0,0,0,0,0,0,0,3,3,1,2,13,14,14
94,0,0,2,2,3,4,1,4,0,0,0,0,0,0,0,0,3,4,4,2,11,12,12
95,0,0,1,1,0,1,2,4,0,0,0,0,0,0,0,0,1,2,1,4,13,13,13
96,0,0,4,3,3,1,2,1,0,0,0,0,0,0,0,0,3,3,4,6,9,11,11
97,0,0,2,1,1,1,1,2,0,0,0,0,0,0,0,0,3,5,5,0,13,12,12
98,0,0,4,4,1,1,1,1,0,0,0,0,0,0,0,0,3,4,1,4,12,13,13
99,0,0,4,3,1,0,1,3,0,0,0,0,0,0,0,0,3,5,3,2,12,13,13
100,0,0,4,4,3,3,1,1,0,0,0,0,0,0,0,0,5,5,4,12,9,9,8
101,0,0,4,4,3,2,1,3,0,0,0,0,0,0,0,0,4,3,4,0,16,16,16
102,0,0,4,4,3,1,1,1,0,0,0,0,0,0,0,0,3,3,5,2,12,13,12
103,0,0,3,2,3,1,2,2,0,0,0,0,0,0,0,0,3,5,2,16,11,10,10
104,0,0,3,4,3,1,1,2,0,0,0,0,0,0,0,0,4,4,1,0,16,16,16
105,0,0,3,3,1,4,1,4,0,0,0,0,0,0,0,0,3,3,4,10,10,10,10
106,0,0,2,2,1,1,1,4,0,0,0,0,0,0,0,0,1,2,3,4,10,10,10
107,0,0,3,3,3,1,1,3,0,0,0,0,0,0,0,0,3,3,5,4,13,14,14
108,0,0,4,4,1,1,4,4,0,0,0,0,0,0,0,0,3,5,1,8,12,10,11
109,0,0,4,4,4,4,1,3,0,0,0,0,0,0,0,0,4,5,4,2,15,15,14
110,0,0,4,4,2,2,1,1,0,0,0,0,0,0,0,0,5,3,4,4,13,14,14
111,0,0,3,3,3,1,1,3,0,0,0,0,0,0,0,0,1,2,2,4,11,11,11
112,0,0,2,2,0,1,1,2,1,0,0,0,0,0,0,0,1,2,5,12,8,10,10
113,0,0,4,2,2,1,1,1,0,0,0,0,0,0,0,0,5,2,3,10,18,17,18
114,0,0,2,1,4,3,1,2,0,0,0,0,0,0,0,0,4,2,5,4,10,9,10
115,0,0,4,4,2,2,1,2,0,0,0,0,0,0,0,0,4,4,5,6,16,14,14
116,0,0,4,4,1,2,2,2,0,0,0,0,0,0,0,0,4,3,2,4,16,15,16
117,0,0,3,3,1,3,2,1,0,0,0,0,0,0,0,0,4,2,5,6,14,14,15
118,0,0,1,3,1,1,3,2,1,0,0,0,0,0,0,0,2,4,5,14,12,11,11
119,0,0,3,4,1,1,1,1,0,0,0,0,0,0,0,0,4,3,4,2,14,13,14
120,0,0,1,2,0,3,1,2,0,0,0,0,0,0,0,0,2,3,1,0,14,14,14
121,0,0,2,2,3,3,1,4,0,0,0,0,0,0,0,0,5,4,5,6,14,13,13
122,0,0,2,4,1,4,2,2,0,0,0,0,0,0,0,0,2,2,5,2,14,12,13
123,0,0,4,4,4,1,1,1,0,0,0,0,0,0,0,0,4,4,5,4,12,13,13
124,0,0,2,2,1,1,1,2,0,0,0,0,0,0,0,0,4,4,5,0,12,11,11
125,0,0,3,4,3,3,1,1,0,0,0,0,0,0,0,0,5,5,5,2,9,9,9
126,0,0,3,4,1,1,1,2,0,0,0,0,0,0,0,0,3,2,1,0,10,11,11
127,0,0,0,1,0,1,1,2,2,0,0,0,0,0,0,0,4,2,5,0,9,10,11
128,0,0,4,4,2,2,1,1,0,0,0,0,0,0,0,0,5,5,4,8,14,14,15
129,0,0,2,3,1,1,2,3,0,0,0,0,0,0,0,0,2,3,1,4,13,12,13
130,0,0,3,4,3,2,2,3,0,0,0,0,0,0,0,0,2,2,5,0,10,11,12
131,0,0,2,1,3,1,1,2,3,0,0,0,0,0,0,0,4,5,5,10,10,9,8
132,0,0,2,1,1,1,3,1,0,0,0,0,0,0,0,0,2,2,5,8,11,10,11
133,0,0,1,1,0,1,3,1,0,0,0,0,0,0,0,0,3,3,4,6,11,12,13
134,0,0,2,2,1,1,1,1,0,0,0,0,0,0,0,0,4,4,5,2,13,12,12
135,0,0,3,4,3,1,1,1,0,0,0,0,0,0,0,0,2,1,5,12,15,13,14
136,0,0,2,1,0,1,4,1,0,0,0,0,0,0,0,0,2,1,2,4,9,9,11
137,0,0,2,2,1,1,1,1,1,0,0,0,0,0,0,0,3,4,5,12,13,11,11
138,0,0,3,4,0,2,4,2,0,0,0,0,0,0,0,0,3,3,5,2,12,11,11
139,0,0,4,4,3,0,1,3,0,0,0,0,0,0,0,0,3,3,5,4,13,14,15
140,0,0,3,4,0,1,3,2,0,0,0,0,0,0,0,0,4,5,5,2,10,9,10
141,0,0,1,1,0,1,4,2,0,0,0,0,0,0,0,0,1,3,3,0,14,13,13
142,0,0,3,1,3,3,2,1,0,0,0,0,0,0,0,0,3,4,4,2,11,11,12
143,0,0,3,2,1,3,1,3,0,0,0,0,0,0,0,0,3,3,5,10,12,11,11
144,0,0,1,1,1,3,2,1,0,0,0,0,0,0,0,0,3,3,1,8,12,11,11
145,0,0,3,3,1,1,2,1,0,0,0,0,0,0,0,0,3,2,5,4,9,9,10
146,0,0,1,1,3,1,1,2,2,0,0,0,0,0,0,0,4,4,5,0,10,10,10
147,0,0,4,4,2,2,2,1,0,0,0,0,0,0,0,0,3,2,5,6,13,14,14
148,0,0,1,1,1,1,3,1,1,0,0,0,0,0,0,0,5,5,1,2,8,9,9
149,0,0,4,3,2,3,2,4,0,0,0,0,0,0,0,0,2,2,3,6,9,11,11
150,0,0,3,3,3,3,1,2,0,0,0,0,0,0,0,0,3,2,1,24,9,8,9
151,0,0,4,4,3,3,1,3,0,0,0,0,0,0,0,0,3,3,5,0,15,13,13
152,0,0,2,2,3,3,2,1,0,0,0,0,0,0,0,0,3,3,2,4,12,11,11
153,0,0,4,4,2,3,1,3,0,0,0,0,0,0,0,0,2,2,5,2,13,13,13
154,0,0,1,1,0,0,1,1,0,0,0,0,0,0,0,0,4,4,1,4,10,11,11
155,0,0,2,1,1,1,1,1,0,0,0,0,0,0,0,0,4,5,5,22,9,7,6
156,0,0,1,1,1,3,1,2,0,0,0,0,0,0,0,0,4,2,5,0,12,12,12
157,0,0,2,1,0,1,2,1,0,0,0,0,0,0,0,0,4,2,5,0,11,10,10
158,0,0,3,2,4,3,1,2,1,0,0,0,0,0,0,0,3,2,3,2,11,11,11
159,0,0,1,2,0,1,1,2,0,0,0,0,0,0,0,0,3,2,5,6,13,12,13
160,0,0,1,2,0,3,1,2,0,0,0,0,0,0,0,0,3,4,1,6,11,11,11
161,0,0,4,4,2,2,1,1,0,0,0,0,0,0,0,0,3,2,5,16,9,9,8
162,0,0,2,1,3,1,4,1,0,0,0,0,0,0,0,0,5,5,5,0,12,11,11
163,0,0,1,1,1,1,1,1,2,0,0,0,0,0,0,0,3,5,4,0,11,9,0
164,0,0,2,1,0,1,1,1,1,0,0,0,0,0,0,0,4,4,5,6,9,10,10
165,0,0,3,3,3,3,2,3,0,0,0,0,0,0,0,0,2,1,3,2,13,13,13
166,0,0,3,2,3,0,1,1,0,0,0,0,0,0,0,0,5,4,4,6,11,9,11
167,0,0,4,4,1,2,1,1,0,0,0,0,0,0,0,0,2,1,4,0,13,13,13
168,0,0,2,3,0,3,1,2,0,0,0,0,0,0,0,0,4,4,1,0,7,8,8
169,0,0,1,2,1,1,1,1,3,0,0,0,0,0,0,0,2,2,5,14,9,8,10
170,0,0,1,1,0,1,3,1,3,0,0,0,0,0,0,0,2,5,4,6,11,10,11
171,0,0,2,2,0,1,3,1,0,0,0,0,0,0,0,0,2,2,3,4,12,10,11
172,0,0,3,3,1,3,1,2,1,0,0,0,0,0,0,0,5,5,5,0,10,10,1
173,0,0,1,2,4,3,2,1,2,0,0,0,0,0,0,0,4,5,5,0,9,8,10
174,0,0,2,1,0,1,2,1,1,0,0,0,0,0,0,0,3,2,5,8,8,8,9
175,0,0,3,2,1,1,2,2,2,0,0,0,0,0,0,0,4,4,3,4,7,6,8
176,0,0,1,2,1,1,2,1,0,0,0,0,0,0,0,0,4,4,5,2,8,9,10
177,0,0,1,3,0,3,1,1,1,0,0,0,0,0,0,0,3,3,2,2,9,8,8
178,0,0,1,1,1,3,4,2,0,0,0,0,0,0,0,0,3,5,5,0,8,8,8
179,0,0,3,2,3,3,2,1,3,0,0,0,0,0,0,0,5,2,2,10,8,7,8
180,0,0,2,2,1,1,1,2,0,0,0,0,0,0,0,0,3,5,4,0,9,10,11
181,0,0,4,2,4,3,1,2,0,0,0,0,0,0,0,0,2,3,3,0,17,17,18
182,0,0,2,2,1,1,1,2,0,0,0,0,0,0,0,0,1,5,4,0,12,12,13
183,0,0,4,4,4,4,1,2,0,0,0,0,0,0,0,0,4,2,3,0,16,16,17
184,0,0,3,4,1,1,3,1,1,0,0,0,0,0,0,0,4,5,2,4,9,9,10
185,0,0,1,0,1,1,2,2,0,0,0,0,0,0,0,0,3,2,3,0,16,17,18
186,0,0,4,4,2,1,1,2,0,0,0,0,0,0,0,0,4,4,5,0,11,9,10
187,0,0,1,3,0,3,1,2,0,0,0,0,0,0,0,0,3,5,3,0,14,13,13
188,0,0,3,3,1,1,2,2,0,0,0,0,0,0,0,0,4,5,4,0,14,14,15
189,0,0,4,3,2,1,2,2,0,0,0,0,0,0,0,0,4,4,4,0,10,11,11
190,0,0,2,2,3,1,2,2,0,0,0,0,0,0,0,0,4,4,5,0,13,12,14
191,0,0,3,3,1,1,1,2,0,0,0,0,0,0,0,0,3,4,4,4,11,9,10
192,0,0,4,2,2,3,1,1,0,0,0,0,0,0,0,0,3,3,3,8,10,9,11
193,0,0,4,3,1,1,1,2,0,0,0,0,0,0,0,0,2,3,2,4,11,11,13
194,0,0,4,3,2,1,1,2,0,0,0,0,0,0,0,0,4,3,3,4,11,10,11
195,0,0,3,3,3,1,1,2,0,0,0,0,0,0,0,0,2,3,3,0,11,12,13
196,0,0,2,4,3,3,1,2,0,0,0,0,0,0,0,0,4,2,5,0,17,18,17
197,0,0,3,3,1,1,1,2,0,0,0,0,0,0,0,0,3,3,1,32,14,13,14
198,0,0,3,2,1,1,1,2,0,0,0,0,0,0,0,0,2,2,1,8,14,15,16
199,0,0,3,3,3,3,1,2,0,0,0,0,0,0,0,0,3,4,4,6,11,13,14
200,0,0,1,2,3,3,1,1,0,0,0,0,0,0,0,0,3,3,3,0,10,9,11
201,0,0,2,1,1,1,1,2,0,0,0,0,0,0,0,0,2,3,5,0,13,14,16
202,0,0,3,3,4,1,1,2,0,0,0,0,0,0,0,0,3,3,3,10,12,13,14
203,0,0,1,2,0,1,1,2,0,0,0,0,0,0,0,0,1,3,3,6,9,9,10
204,0,0,2,3,3,3,1,2,0,0,0,0,0,0,0,0,3,3,2,6,12,12,13
205,0,0,1,1,0,3,1,2,0,0,0,0,0,0,0,0,3,3,3,0,12,11,12
206,0,0,1,2,0,3,2,2,0,0,0,0,0,0,0,0,4,4,5,16,10,11,12
207,0,0,3,3,3,3,1,1,0,0,0,0,0,0,0,0,3,2,5,0,11,10,10
208,0,0,2,3,1,1,2,1,0,0,0,0,0,0,0,0,3,3,3,0,13,12,12
209,0,0,2,4,3,3,1,2,0,0,0,0,0,0,0,0,3,2,5,8,14,15,16
210,0,0,4,4,3,2,1,1,0,0,0,0,0,0,0,0,2,3,5,4,13,13,14
211,0,0,3,3,2,1,3,1,0,0,0,0,0,0,0,0,3,4,3,16,10,11,12
212,0,0,4,4,3,2,2,1,1,0,0,0,0,0,0,0,2,4,2,30,14,15,16
213,0,0,4,4,2,2,1,2,0,0,0,0,0,0,0,0,5,2,3,0,11,10,11
214,0,0,4,3,4,1,1,2,0,0,0,0,0,0,0,0,3,5,2,2,14,14,15
215,0,0,2,3,1,1,1,2,0,0,0,0,0,0,0,0,4,3,4,4,11,12,12
216,0,0,1,1,1,1,1,2,0,0,0,0,0,0,0,0,4,4,1,0,14,15,15
217,0,0,2,2,1,1,1,1,0,0,0,0,0,0,0,0,3,2,3,21,13,13,13
218,0,0,2,2,3,3,2,4,0,0,0,0,0,0,0,0,3,5,5,6,13,13,13
219,0,0,3,4,0,3,1,3,1,0,0,0,0,0,0,0,4,3,5,14,8,9,8
220,0,0,3,1,3,1,1,2,0,0,0,0,0,0,0,0,3,3,4,2,11,11,12
221,0,0,4,3,2,1,1,2,0,0,0,0,0,0,0,0,3,2,1,4,14,15,15
222,0,0,1,1,0,1,2,1,0,0,0,0,0,0,0,0,3,2,5,2,12,13,13
223,0,0,4,3,2,1,2,3,0,0,0,0,0,0,0,0,4,2,4,0,11,12,12
224,0,0,3,3,1,1,1,4,0,0,0,0,0,0,0,0,3,3,3,4,12,12,12
225,0,0,4,4,3,1,1,2,0,0,0,0,0,0,0,0,3,5,3,15,13,12,12
226,0,0,2,2,1,1,1,2,0,0,0,0,0,0,0,0,3,4,4,0,13,13,13
227,0,0,2,2,3,1,1,2,0,0,0,0,0,0,0,0,4,4,5,10,12,11,11
228,0,0,4,4,3,1,1,1,0,0,0,0,0,0,0,0,2,1,3,6,12,11,11
229,0,0,3,2,1,1,2,2,0,0,0,0,0,0,0,0,4,4,1,2,14,16,15
230,0,0,4,3,1,1,1,2,0,0,0,0,0,0,0,0,4,5,1,16,11,9,10
231,0,0,3,3,3,4,1,2,0,0,0,0,0,0,0,0,2,4,4,10,10,10,10
232,0,0,2,3,0,1,2,1,0,0,0,0,0,0,0,0,3,3,3,4,12,13,13
233,0,0,2,2,0,0,1,3,0,0,0,0,0,0,0,0,3,3,4,0,12,12,13
234,0,0,2,1,0,3,2,2,0,0,0,0,0,0,0,0,2,5,5,0,11,10,11
235,0,0,1,1,0,1,1,3,0,0,0,0,0,0,0,0,3,4,5,12,12,12,12
236,0,0,2,3,3,2,1,2,0,0,0,0,0,0,0,0,3,1,3,0,13,13,14
237,0,0,2,2,1,1,2,2,3,0,0,0,0,0,0,0,3,3,4,9,10,9,10
238,0,0,4,4,2,3,1,3,0,0,0,0,0,0,0,0,3,2,5,4,15,16,16
239,0,0,3,1,1,1,1,2,0,0,0,0,0,0,0,0,3,3,4,4,8,8,8
240,0,0,3,2,1,1,1,2,0,0,0,0,0,0,0,0,3,4,3,2,17,18,17
241,0,0,2,3,3,3,1,2,0,0,0,0,0,0,0,0,3,3,3,0,10,11,11
242,0,0,2,1,0,1,4,2,0,0,0,0,0,0,0,0,3,2,3,2,9,10,11
243,0,0,2,1,1,1,2,3,0,0,0,0,0,0,0,0,2,3,3,0,15,15,16
244,0,0,4,3,4,1,1,2,0,0,0,0,0,0,0,0,2,3,3,0,14,12,12
245,0,0,2,2,1,1,2,2,0,0,0,0,0,0,0,0,5,2,1,0,12,13,13
246,0,0,4,4,2,2,1,2,0,0,0,0,0,0,0,0,5,5,2,0,13,13,13
247,0,0,4,4,4,1,1,2,0,0,0,0,0,0,0,0,2,4,1,0,13,13,14
248,0,0,1,1,1,1,2,2,0,0,0,0,0,0,0,0,4,2,5,2,9,9,9
249,0,0,3,2,0,1,2,3,0,0,0,0,0,0,0,0,3,3,2,0,12,12,12
250,0,0,2,2,1,1,1,2,0,0,0,0,0,0,0,0,4,2,4,0,16,16,16
251,0,0,2,1,1,1,1,1,0,0,0,0,0,0,0,0,5,2,5,4,9,10,10
252,0,0,4,1,1,1,1,2,0,0,0,0,0,0,0,0,3,3,5,0,14,13,13
253,0,0,2,4,3,1,2,2,1,0,0,0,0,0,0,0,3,3,3,18,10,10,10
254,0,0,2,2,0,3,1,2,1,0,0,0,0,0,0,0,3,1,5,16,9,8,10
255,0,0,3,3,1,1,2,1,1,0,0,0,0,0,0,0,1,1,3,14,8,7,7
256,0,0,2,2,1,0,1,1,1,0,0,0,0,0,0,0,4,3,1,26,7,8,8
257,0,0,4,4,2,2,1,1,0,0,0,0,0,0,0,0,2,1,5,6,10,8,9
258,0,0,3,2,1,1,1,2,0,0,0,0,0,0,0,0,4,2,3,4,14,14,15
259,0,0,1,1,0,0,1,3,0,0,0,0,0,0,0,0,3,2,4,10,11,10,10
260,0,0,1,2,1,1,1,1,0,0,0,0,0,0,0,0,3,5,5,4,12,11,11
261,0,0,2,1,0,3,3,2,0,0,0,0,0,0,0,0,1,1,3,2,13,13,13
262,0,0,1,4,1,1,4,1,1,0,0,0,0,0,0,0,5,4,5,14,9,9,8
263,0,0,2,2,1,3,1,2,0,0,0,0,0,0,0,0,5,4,2,16,8,7,8
264,0,0,2,2,1,1,1,1,1,0,0,0,0,0,0,0,1,2,1,8,11,9,10
265,0,0,1,1,0,1,2,3,0,0,0,0,0,0,0,0,3,3,5,4,15,14,15
266,0,0,4,2,2,1,1,2,0,0,0,0,0,0,0,0,3,2,4,4,15,14,14
267,0,0,4,3,4,1,2,2,0,0,0,0,0,0,0,0,5,5,5,8,15,15,15
268,0,0,4,4,2,1,2,2,0,0,0,0,0,0,0,0,3,3,4,0,12,12,12
269,0,0,4,3,2,1,1,1,0,0,0,0,0,0,0,0,4,5,3,7,14,14,15
270,0,0,4,4,3,3,1,1,0,0,0,0,0,0,0,0,3,2,5,4,14,15,15
271,0,0,4,4,2,3,1,2,0,0,0,0,0,0,0,0,3,1,5,2,11,11,12
272,0,0,1,1,1,1,2,3,0,0,0,0,0,0,0,0,3,3,1,2,13,14,15
273,0,0,3,3,3,1,2,3,0,0,0,0,0,0,0,0,2,2,5,10,11,11,11
274,0,0,1,1,0,1,1,2,0,0,0,0,0,0,0,0,3,2,4,10,10,9,10
275,0,0,2,1,1,1,2,3,0,0,0,0,0,0,0,0,4,4,3,10,12,10,11
276,0,0,2,1,1,1,3,1,0,0,0,0,0,0,0,0,3,3,4,7,15,16,16
277,0,0,1,1,1,3,1,2,0,0,0,0,0,0,0,0,3,4,5,4,11,10,11
278,0,0,2,3,1,1,2,1,0,0,0,0,0,0,0,0,2,2,2,2,9,12,13
279,0,0,3,1,3,3,1,1,3,0,0,0,0,0,0,0,4,5,1,12,7,8,5
280,0,0,3,3,1,3,1,2,0,0,0,0,0,0,0,0,3,3,5,8,10,9,10
281,0,0,0,2,1,1,1,1,0,0,0,0,0,0,0,0,3,2,5,0,11,12,11
282,0,0,3,2,3,1,2,1,0,0,0,0,0,0,0,0,4,5,5,8,7,8,7
283,0,0,3,3,0,1,3,2,1,0,0,0,0,0,0,0,3,3,2,4,9,11,10
284,0,0,2,1,3,3,1,1,2,0,0,0,0,0,0,0,2,5,5,4,7,8,6
285,0,0,2,1,1,1,2,1,0,0,0,0,0,0,0,0,3,2,3,2,14,13,12
286,0,0,2,1,1,1,1,1,0,0,0,0,0,0,0,0,4,2,5,0,12,12,13
287,0,0,1,1,4,1,2,1,1,0,0,0,0,0,0,0,4,4,5,0,9,10,10
288,0,0,2,1,1,1,1,2,0,0,0,0,0,0,0,0,3,4,5,2,12,12,13
289,0,0,4,2,2,3,1,4,0,0,0,0,0,0,0,0,2,3,4,2,14,15,17
290,0,0,2,2,3,3,1,2,0,0,0,0,0,0,0,0,3,3,5,0,10,10,11
291,0,0,2,1,3,1,3,2,1,0,0,0,0,0,0,0,4,5,5,4,11,10,11
292,0,0,4,2,1,1,1,3,0,0,0,0,0,0,0,0,3,4,5,2,11,12,14
293,0,0,1,1,1,0,1,3,0,0,0,0,0,0,0,0,4,3,3,4,11,12,14
294,0,0,2,2,1,1,1,2,0,0,0,0,0,0,0,0,2,3,5,4,11,11,13
295,0,0,4,3,3,0,1,2,0,0,0,0,0,0,0,0,3,1,1,4,11,13,14
296,0,0,2,1,1,1,1,2,0,0,0,0,0,0,0,0,2,4,4,2,16,16,16
297,0,0,2,2,1,3,2,1,0,0,0,0,0,0,0,0,2,2,4,0,9,10,10
298,0,0,2,2,3,3,1,4,0,0,0,0,0,0,0,0,4,1,2,2,10,11,12
299,0,0,2,1,1,1,2,2,0,0,0,0,0,0,0,0,2,3,2,8,10,12,12
300,0,0,4,3,3,1,1,2,0,0,0,0,0,0,0,0,1,2,2,2,15,15,15
301,0,0,4,3,2,1,1,2,0,0,0,0,0,0,0,0,3,2,3,2,10,10,11
302,0,0,3,2,1,1,1,3,0,0,0,0,0,0,0,0,3,2,3,2,10,11,12
303,0,0,3,3,1,1,1,3,0,0,0,0,0,0,0,0,2,3,4,2,15,12,13
304,0,0,2,2,0,3,1,3,0,0,0,0,0,0,0,0,3,3,3,0,11,12,13
305,0,0,2,2,1,1,2,1,0,0,0,0,0,0,0,0,4,4,4,8,8,8,9
306,0,0,3,4,1,1,2,2,0,0,0,0,0,0,0,0,2,5,1,6,15,16,16
307,0,0,3,1,3,1,1,2,0,0,0,0,0,0,0,0,4,4,5,0,11,11,14
308,0,0,4,4,2,1,2,2,0,0,0,0,0,0,0,0,3,4,4,8,10,11,12
309,0,0,4,2,4,1,1,2,0,0,0,0,0,0,0,0,4,5,5,4,10,12,14
310,0,0,2,1,1,1,2,2,0,0,0,0,0,0,0,0,3,5,3,12,8,9,10
311,0,0,3,3,1,3,1,2,0,0,0,0,0,0,0,0,3,5,5,16,11,12,12
312,0,0,2,3,1,3,1,4,0,0,0,0,0,0,0,0,5,5,2,10,16,16,16
313,0,0,1,1,1,1,2,2,0,0,0,0,0,0,0,0,4,3,3,2,13,13,13
314,0,0,1,2,0,0,1,2,0,0,0,0,0,0,0,0,5,2,1,2,16,17,18
315,0,0,2,1,1,1,1,2,0,0,0,0,0,0,0,0,2,5,1,8,14,14,15
316,0,0,2,4,0,4,2,2,0,0,0,0,0,0,0,0,3,3,1,6,15,16,16
317,0,0,2,2,3,1,2,2,0,0,0,0,0,0,0,0,4,4,5,6,12,12,12
318,0,0,3,2,1,3,2,2,0,0,0,0,0,0,0,0,1,1,5,15,12,9,10
319,0,0,4,4,2,3,2,1,0,0,0,0,0,0,0,0,2,4,3,6,11,12,12
320,0,0,4,4,4,4,1,2,1,0,0,0,0,0,0,0,4,4,4,2,14,12,13
321,0,0,2,2,1,3,3,3,0,0,0,0,0,0,0,0,2,3,1,8,13,15,15
322,0,0,3,2,3,3,1,2,1,0,0,0,0,0,0,0,3,3,3,0,9,8,10
323,0,0,4,3,2,3,2,1,0,0,0,0,0,0,0,0,2,3,1,0,10,10,10
324,0,0,1,2,0,1,2,1,0,0,0,0,0,0,0,0,4,4,4,10,10,10,11
325,0,0,4,1,3,1,2,1,0,0,0,0,0,0,0,0,5,4,5,22,11,11,10
326,0,0,3,2,2,3,1,1,0,0,0,0,0,0,0,0,4,4,3,18,13,13,13
327,0,0,1,1,0,1,2,4,0,0,0,0,0,0,0,0,2,2,3,2,17,17,18
328,0,0,1,1,1,1,2,2,0,0,0,0,0,0,0,0,4,4,4,0,12,13,13
329,0,0,2,2,1,1,1,2,0,0,0,0,0,0,0,0,4,5,5,12,12,12,14
330,0,0,2,1,1,1,2,2,0,0,0,0,0,0,0,0,3,1,5,10,12,13,14
331,0,0,1,1,1,1,1,2,0,0,0,0,0,0,0,0,3,3,4,0,12,12,12
332,0,0,2,2,0,0,1,3,0,0,0,0,0,0,0,0,3,3,2,0,18,18,18
333,0,0,1,1,3,2,1,3,0,0,0,0,0,0,0,0,3,3,3,0,13,13,14
334,0,0,2,1,3,3,1,3,0,0,0,0,0,0,0,0,2,4,2,0,14,15,15
335,0,0,4,4,2,2,1,2,0,0,0,0,0,0,0,0,4,3,2,0,17,17,17
336,0,0,4,2,2,1,1,2,0,0,0,0,0,0,0,0,3,2,5,2,15,16,16
337,0,0,4,3,4,3,1,3,0,0,0,0,0,0,0,0,2,2,3,0,17,18,18
338,0,0,3,1,3,1,2,4,0,0,0,0,0,0,0,0,1,2,3,0,18,19,19
339,0,0,3,2,3,1,2,3,0,0,0,0,0,0,0,0,4,2,4,0,14,15,15
340,0,0,3,3,4,1,1,1,0,0,0,0,0,0,0,0,4,3,5,0,14,15,15
341,0,0,4,4,4,1,2,2,0,0,0,0,0,0,0,0,3,4,2,2,14,13,13
342,0,0,4,3,1,1,2,2,0,0,0,0,0,0,0,0,4,5,2,0,13,14,14
343,0,0,4,3,1,1,1,4,0,0,0,0,0,0,0,0,3,3,3,0,16,17,17
344,0,0,4,4,2,2,1,1,0,0,0,0,0,0,0,0,4,2,1,0,18,18,17
345,0,0,4,4,4,1,1,2,0,0,0,0,0,0,0,0,2,4,4,0,14,15,15
346,0,0,4,4,1,2,2,1,0,0,0,0,0,0,0,0,1,1,5,0,12,13,13
347,0,0,4,4,3,3,2,3,0,0,0,0,0,0,0,0,3,4,5,0,7,7,8
348,0,0,4,2,1,1,2,3,0,0,0,0,0,0,0,0,3,3,3,0,16,16,16
349,0,0,3,2,4,4,1,4,0,0,0,0,0,0,0,0,2,2,5,0,18,18,18
350,0,0,2,1,0,3,2,3,1,0,0,0,0,0,0,0,3,1,5,0,9,10,11
351,0,0,3,2,3,1,1,1,2,0,0,0,0,0,0,0,5,3,5,0,14,15,15
352,0,0,3,3,1,3,1,2,0,0,0,0,0,0,0,0,5,3,5,0,10,10,11
353,0,0,1,4,1,2,1,2,0,0,0,0,0,0,0,0,4,4,5,2,10,10,11
354,0,0,2,1,3,1,2,2,0,0,0,0,0,0,0,0,3,3,1,2,12,12,15
355,0,0,2,3,1,1,2,2,0,0,0,0,0,0,0,0,2,1,3,2,11,12,14
356,0,0,4,4,2,2,1,1,0,0,0,0,0,0,0,0,4,4,5,2,15,16,17
357,0,0,4,3,1,1,1,3,0,0,0,0,0,0,0,0,3,4,5,2,14,15,17
358,0,0,4,3,4,3,2,1,0,0,0,0,0,0,0,0,2,4,1,8,12,12,15
359,0,0,3,4,0,3,1,3,0,0,0,0,0,0,0,0,3,4,5,2,15,15,17
360,0,0,3,3,0,1,1,2,0,0,0,0,0,0,0,0,1,4,3,8,11,12,14
361,0,0,4,2,4,1,2,2,0,0,0,0,0,0,0,0,4,4,1,9,11,10,10
362,0,0,4,4,2,1,1,2,0,0,0,0,0,0,0,0,4,4,5,0,12,11,13
363,0,0,3,4,1,1,1,1,0,0,0,0,0,0,0,0,4,4,1,4,11,12,14
364,0,0,4,4,4,4,1,1,0,0,0,0,0,0,0,0,3,4,5,2,14,15,17
365,0,0,4,3,3,3,1,2,0,0,0,0,0,0,0,0,2,2,5,14,15,14,17
366,0,0,3,3,3,1,1,2,0,0,0,0,0,0,0,0,3,3,5,0,12,12,13
367,0,0,2,1,1,1,1,2,0,0,0,0,0,0,0,0,2,3,2,2,11,12,14
368,0,0,4,4,1,1,1,1,0,0,0,0,0,0,0,0,2,5,5,2,8,9,11
369,0,0,1,1,1,1,3,3,0,0,0,0,0,0,0,0,5,5,5,12,10,10,11
370,0,0,1,1,1,1,3,2,2,0,0,0,0,0,0,0,3,4,4,2,8,8,9
371,0,0,2,2,1,1,1,1,0,0,0,0,0,0,0,0,3,5,5,2,10,10,10
372,0,0,2,2,1,1,1,2,0,0,0,0,0,0,0,0,2,2,3,4,14,13,13
373,0,0,2,2,3,3,1,3,0,0,0,0,0,0,0,0,3,2,3,0,11,11,10
374,0,0,3,1,3,3,1,3,0,0,0,0,0,0,0,0,4,3,5,0,17,18,17
375,0,0,0,2,0,0,2,3,0,0,0,0,0,0,0,0,3,3,2,0,14,14,15
376,0,0,1,1,1,1,2,3,0,0,0,0,0,0,0,0,5,5,2,0,14,14,14
377,0,0,4,4,1,1,1,3,0,0,0,0,0,0,0,0,3,3,3,0,13,14,13
378,0,0,3,3,1,3,1,1,0,0,0,0,0,0,0,0,3,5,5,0,17,18,17
379,0,0,2,2,3,1,4,1,0,0,0,0,0,0,0,0,4,5,4,2,11,10,10
380,0,0,4,4,2,3,1,3,0,0,0,0,0,0,0,0,4,4,4,0,13,12,13
381,0,0,4,4,2,2,2,3,0,0,0,0,0,0,0,0,3,3,4,4,15,14,15
382,0,0,3,3,0,1,1,1,0,0,0,0,0,0,0,0,2,5,5,2,11,12,11
383,0,0,2,2,1,1,1,4,0,0,0,0,0,0,0,0,5,5,5,0,11,11,12
384,0,0,3,2,0,3,1,1,0,0,0,0,0,0,0,0,3,4,5,0,11,10,10
385,0,0,2,2,0,1,4,2,0,0,0,0,0,0,0,0,2,5,2,2,10,9,10
386,0,0,2,4,0,1,1,3,0,0,0,0,0,0,0,0,4,3,5,0,15,15,15
387,0,0,2,2,1,1,1,1,0,0,0,0,0,0,0,0,4,2,5,6,15,14,15
388,0,0,3,3,3,3,1,2,0,0,0,0,0,0,0,0,3,4,4,8,10,11,12
389,0,0,2,2,1,1,1,2,0,0,0,0,0,0,0,0,3,3,2,0,10,9,12
390,0,0,2,2,0,1,2,4,0,0,0,0,0,0,0,0,4,4,4,6,14,13,14
391,0,0,3,4,3,1,1,3,0,0,0,0,0,0,0,0,4,5,5,8,11,13,14
392,0,0,3,2,1,1,1,2,0,0,0,0,0,0,0,0,3,2,2,0,12,13,15
393,0,0,3,3,3,3,1,4,0,0,0,0,0,0,0,0,3,3,1,4,14,14,15
394,0,0,3,2,1,1,1,2,0,0,0,0,0,0,0,0,3,3,2,0,14,14,16
395,0,0,4,4,2,3,1,2,0,0,0,0,0,0,0,0,3,3,2,0,12,12,13
396,0,0,3,4,3,1,1,2,0,0,0,0,0,0,0,0,3,3,5,6,16,16,17
397,0,0,2,2,0,0,1,2,0,0,0,0,0,0,0,0,3,1,4,18,10,12,14
398,0,0,2,3,0,1,1,3,0,0,0,0,0,0,0,0,3,3,3,0,11,12,14
399,0,0,3,2,1,3,1,3,0,0,0,0,0,0,0,0,4,3,1,4,14,16,17
400,0,0,4,3,2,3,1,3,0,0,0,0,0,0,0,0,3,2,4,4,15,14,17
401,0,0,4,3,2,1,1,3,0,0,0,0,0,0,0,0,4,5,5,0,14,13,14
402,0,0,4,3,4,1,1,3,0,0,0,0,0,0,0,0,4,3,4,0,11,12,13
403,0,0,2,1,3,1,2,2,0,0,0,0,0,0,0,0,3,4,1,10,12,15,15
404,0,0,2,1,3,1,1,2,0,0,0,0,0,0,0,0,3,5,4,4,12,16,16
405,0,0,2,3,0,1,2,1,1,0,0,0,0,0,0,0,2,3,5,16,10,11,11
406,0,0,3,1,1,0,1,1,1,0,0,0,0,0,0,0,1,2,3,6,10,13,13
407,0,0,4,4,1,1,1,3,2,0,0,0,0,0,0,0,3,2,5,0,9,12,12
408,0,0,2,2,3,3,1,2,0,0,0,0,0,0,0,0,4,4,3,11,9,11,12
409,0,0,3,4,1,1,1,2,0,0,0,0,0,0,0,0,3,5,2,9,13,14,15
410,0,0,2,2,3,3,1,2,0,0,0,0,0,0,0,0,3,4,4,0,13,17,17
411,0,0,4,4,4,1,1,3,0,0,0,0,0,0,0,0,4,2,4,2,12,15,15
412,0,0,4,2,2,1,1,2,0,0,0,0,0,0,0,0,2,2,3,0,14,17,17
413,0,0,1,1,0,1,2,2,2,0,0,0,0,0,0,0,3,3,4,21,9,10,10
414,0,0,1,1,1,1,2,3,0,0,0,0,0,0,0,0,2,2,3,8,11,15,15
415,0,0,4,4,2,1,1,1,1,0,0,0,0,0,0,0,2,5,5,5,9,10,11
416,0,0,3,2,1,1,1,2,0,0,0,0,0,0,0,0,4,4,5,10,16,18,18
417,0,0,3,2,0,1,1,3,0,0,0,0,0,0,0,0,3,4,2,5,14,17,17
418,0,0,2,3,1,3,1,1,0,0,0,0,0,0,0,0,1,3,4,13,13,14,14
419,0,0,2,1,1,1,1,1,0,0,0,0,0,0,0,0,3,4,4,10,7,11,11
420,0,0,2,2,3,1,2,2,0,0,0,0,0,0,0,0,1,4,4,10,14,17,17
421,0,0,1,0,1,1,2,1,1,0,0,0,0,0,0,0,3,1,5,5,8,10,10
422,0,0,3,2,3,1,1,2,0,0,0,0,0,0,0,0,1,2,1,4,10,13,13
423,0,0,1,3,0,1,2,1,0,0,0,0,0,0,0,0,3,3,5,11,10,11,11
424,0,0,2,2,1,1,2,2,0,0,0,0,0,0,0,0,4,4,5,0,12,12,12
425,0,0,1,1,0,3,1,1,1,0,0,0,0,0,0,0,1,3,2,6,10,10,10
426,0,0,3,3,0,1,2,1,0,0,0,0,0,0,0,0,4,4,5,4,10,10,11
427,0,0,2,3,0,3,2,2,0,0,0,0,0,0,0,0,5,2,5,0,16,17,17
428,0,0,2,1,0,1,2,1,0,0,0,0,0,0,0,0,3,4,1,0,6,8,9
429,0,0,4,4,0,1,1,2,0,0,0,0,0,0,0,0,3,2,2,5,10,11,11
430,0,0,1,2,1,1,1,3,0,0,0,0,0,0,0,0,4,3,5,0,10,11,11
431,0,0,3,2,0,1,1,2,1,0,0,0,0,0,0,0,5,4,5,0,10,10,10
432,0,0,1,1,1,1,1,1,1,0,0,0,0,0,0,0,4,4,5,0,6,6,7
433,0,0,4,4,2,1,2,1,0,0,0,0,0,0,0,0,5,1,5,0,13,14,14
434,0,0,2,2,0,1,2,4,0,0,0,0,0,0,0,0,2,1,1,4,10,9,11
435,0,0,1,1,0,3,2,2,0,0,0,0,0,0,0,0,4,3,4,0,10,10,10
436,0,0,1,1,1,3,2,1,1,0,0,0,0,0,0,0,4,3,2,4,6,7,8
437,0,0,0,2,1,1,2,1,0,0,0,0,0,0,0,0,2,3,2,0,12,11,12
438,0,0,2,3,1,1,2,1,0,0,0,0,0,0,0,0,5,5,3,2,10,11,12
439,0,0,3,3,1,3,2,1,0,0,0,0,0,0,0,0,1,3,4,0,14,16,16
440,0,0,1,1,0,3,2,2,0,0,0,0,0,0,0,0,4,5,3,0,7,0,0
441,0,0,1,1,1,1,1,2,0,0,0,0,0,0,0,0,4,3,5,4,8,9,9
442,0,0,4,1,4,3,1,2,0,0,0,0,0,0,0,0,3,4,2,0,12,13,14
443,0,0,4,1,4,3,1,2,0,0,0,0,0,0,0,0,3,4,2,7,7,9,8
444,0,0,3,4,1,4,3,2,0,0,0,0,0,0,0,0,4,5,5,4,9,10,11
445,0,0,1,1,1,1,4,2,0,0,0,0,0,0,0,0,4,5,4,8,7,9,9
446,0,0,3,3,0,0,1,2,0,0,0,0,0,0,0,0,3,3,5,0,11,11,11
447,0,0,2,1,1,1,3,1,0,0,0,0,0,0,0,0,5,5,3,8,8,10,9
448,0,0,4,4,2,2,2,3,0,0,0,0,0,0,0,0,2,2,4,6,16,16,17
449,0,0,1,2,1,3,2,1,0,0,0,0,0,0,0,0,1,2,1,3,11,13,13
450,0,0,2,3,1,3,3,2,0,0,0,0,0,0,0,0,5,4,1,2,15,15,15
451,0,0,1,2,1,1,2,2,0,0,0,0,0,0,0,0,3,3,5,0,10,11,11
452,0,0,2,2,1,1,3,2,0,0,0,0,0,0,0,0,4,5,4,4,9,10,11
453,0,0,1,2,1,3,1,3,1,0,0,0,0,0,0,0,3,2,4,0,10,8,8
454,0,0,1,2,1,3,1,3,1,0,0,0,0,0,0,0,3,2,4,3,9,8,8
455,0,0,2,1,0,1,1,2,0,0,0,0,0,0,0,0,4,2,2,0,9,10,9
456,0,0,1,1,0,1,1,2,0,0,0,0,0,0,0,0,4,3,2,0,13,14,15
457,0,0,1,2,0,3,1,1,0,0,0,0,0,0,0,0,5,5,3,4,10,11,11
458,0,0,1,1,1,1,4,4,0,0,0,0,0,0,0,0,3,2,1,0,13,10,13
459,0,0,1,1,0,1,4,3,0,0,0,0,0,0,0,0,4,3,5,2,10,9,10
460,0,0,1,1,0,1,2,2,0,0,0,0,0,0,0,0,3,3,2,1,11,10,11
461,0,0,1,1,0,1,2,1,0,0,0,0,0,0,0,0,2,2,2,0,13,12,14
462,0,0,1,1,0,0,3,2,0,0,0,0,0,0,0,0,2,1,2,0,13,14,14
463,0,0,2,2,1,1,1,3,0,0,0,0,0,0,0,0,4,3,5,2,14,11,12
464,0,0,1,1,0,1,2,1,0,0,0,0,0,0,0,0,4,4,5,6,11,11,11
465,0,0,1,2,1,1,1,2,1,0,0,0,0,0,0,0,4,4,5,9,9,8,8
466,0,0,3,1,1,3,2,1,0,0,0,0,0,0,0,0,2,3,4,0,10,9,11
467,0,0,2,2,1,3,3,2,0,0,0,0,0,0,0,0,3,4,2,1,14,13,14
468,0,0,2,2,4,1,3,1,0,0,0,0,0,0,0,0,3,3,4,1,13,12,13
469,0,0,4,4,1,2,1,2,0,0,0,0,0,0,0,0,3,1,3,0,13,12,13
470,0,0,3,3,3,1,1,2,0,0,0,0,0,0,0,0,5,4,1,4,13,12,12
471,0,0,2,2,0,1,2,2,1,0,0,0,0,0,0,0,4,4,5,2,12,11,12
472,0,0,2,2,1,1,3,1,0,0,0,0,0,0,0,0,3,2,4,0,14,14,16
473,0,0,2,1,0,3,2,1,0,0,0,0,0,0,0,0,4,3,4,4,10,8,10
474,0,0,1,3,0,1,3,1,0,0,0,0,0,0,0,0,2,4,3,2,10,11,11
475,0,0,2,2,1,3,2,3,0,0,0,0,0,0,0,0,3,2,4,0,12,13,14
476,0,0,2,1,1,1,1,1,0,0,0,0,0,0,0,0,4,3,5,2,10,8,8
477,0,0,3,3,3,3,2,1,0,0,0,0,0,0,0,0,3,3,3,11,12,10,11
478,0,0,1,1,0,1,2,2,3,0,0,0,0,0,0,0,4,3,1,0,7,7,8
479,0,0,2,2,1,0,1,1,0,0,0,0,0,0,0,0,5,3,5,4,9,9,10
480,0,0,2,3,0,3,1,1,1,0,0,0,0,0,0,0,4,4,2,0,9,9,10
481,0,0,2,1,0,1,3,1,0,0,0,0,0,0,0,0,5,3,3,2,9,10,11
482,0,0,1,1,0,1,2,1,0,0,0,0,0,0,0,0,2,1,4,0,9,10,9
483,0,0,2,2,1,1,3,2,0,0,0,0,0,0,0,0,4,5,1,1,9,10,11
484,0,0,2,2,1,1,1,1,0,0,0,0,0,0,0,0,3,4,1,6,7,7,8
485,0,0,2,2,0,1,2,2,0,0,0,0,0,0,0,0,3,5,4,0,11,10,11
486,0,0,2,2,1,3,1,1,1,0,0,0,0,0,0,0,4,3,3,1,9,10,10
487,0,0,3,2,1,1,2,3,2,0,0,0,0,0,0,0,3,2,2,6,7,9,10
488,0,0,1,1,0,3,1,3,1,0,0,0,0,0,0,0,3,1,3,6,7,9,9
489,0,0,1,1,1,1,2,1,1,0,0,0,0,0,0,0,4,3,4,0,8,9,10
490,0,0,1,1,0,0,2,1,1,0,0,0,0,0,0,0,2,3,2,4,9,11,10
491,0,0,1,1,1,1,2,2,1,0,0,0,0,0,0,0,1,4,1,12,7,8,9
492,0,0,2,2,4,1,1,2,0,0,0,0,0,0,0,0,3,2,3,2,8,10,10
493,0,0,0,1,1,0,2,1,0,0,0,0,0,0,0,0,4,4,5,5,9,9,10
494,0,0,1,2,0,1,1,2,0,0,0,0,0,0,0,0,4,5,3,0,8,9,9
495,0,0,3,3,1,1,1,1,0,0,0,0,0,0,0,0,5,4,4,0,14,13,13
496,0,0,1,1,3,3,1,1,0,0,0,0,0,0,0,0,4,4,4,2,14,14,14
497,0,0,3,3,3,0,2,4,1,0,0,0,0,0,0,0,4,5,5,0,10,11,10
498,0,0,2,1,1,3,1,2,0,0,0,0,0,0,0,0,3,3,1,0,14,13,14
499,0,0,2,2,3,1,1,1,0,0,0,0,0,0,0,0,2,5,5,0,17,16,16
500,0,0,1,2,1,1,1,1,1,0,0,0,0,0,0,0,3,5,1,12,6,7,7
501,0,0,4,3,1,1,1,1,0,0,0,0,0,0,0,0,2,5,5,8,14,12,13
502,0,0,2,2,3,3,3,4,1,0,0,0,0,0,0,0,3,5,3,2,10,8,9
503,0,0,1,1,1,1,1,4,0,0,0,0,0,0,0,0,2,1,5,0,14,14,14
504,0,0,2,2,1,1,1,3,0,0,0,0,0,0,0,0,4,5,1,0,12,13,13
505,0,0,1,1,0,1,2,1,0,0,0,0,0,0,0,0,4,5,5,0,11,11,11
506,0,0,3,3,0,3,2,2,1,0,0,0,0,0,0,0,3,4,3,8,11,9,10
507,0,0,1,1,1,3,1,3,0,0,0,0,0,0,0,0,3,3,3,0,11,11,10
508,0,0,2,2,1,1,3,1,1,0,0,0,0,0,0,0,4,5,5,0,10,9,9
509,0,0,1,1,0,1,3,2,0,0,0,0,0,0,0,0,3,2,1,0,16,17,18
510,0,0,2,2,1,1,2,2,0,0,0,0,0,0,0,0,3,2,1,0,15,17,17
511,0,0,1,0,1,1,2,2,0,0,0,0,0,0,0,0,4,5,4,1,11,9,10
512,0,0,1,1,0,1,1,2,1,0,0,0,0,0,0,0,3,2,5,9,7,7,7
513,0,0,3,1,1,1,1,1,0,0,0,0,0,0,0,0,1,3,1,0,8,6,8
514,0,0,3,2,3,0,1,1,0,0,0,0,0,0,0,0,1,3,3,2,7,6,7
515,0,0,1,1,1,0,2,2,0,0,0,0,0,0,0,0,3,5,3,8,9,8,10
516,0,0,4,4,4,2,1,2,0,0,0,0,0,0,0,0,3,3,2,0,14,16,16
517,0,0,1,2,1,1,2,1,0,0,0,0,0,0,0,0,4,5,2,0,14,14,15
518,0,0,2,4,1,3,1,2,1,0,0,0,0,0,0,0,3,2,1,8,8,5,8
519,0,0,2,1,1,3,2,2,0,0,0,0,0,0,0,0,2,1,2,0,8,7,0
520,0,0,1,1,0,1,3,2,0,0,0,0,0,0,0,0,3,2,5,6,6,8,8
521,0,0,2,3,0,3,2,2,0,0,0,0,0,0,0,0,3,3,2,0,8,10,10
522,0,0,4,4,4,4,1,2,0,0,0,0,0,0,0,0,3,4,3,4,8,8,8
523,0,0,4,4,0,4,1,4,0,0,0,0,0,0,0,0,5,5,5,2,5,6,6
524,0,0,3,4,0,1,3,2,0,0,0,0,0,0,0,0,2,1,2,2,7,9,8
525,0,0,4,4,1,3,1,3,0,0,0,0,0,0,0,0,4,3,5,0,15,14,16
526,0,0,4,1,1,1,1,1,0,0,0,0,0,0,0,0,2,3,5,1,13,14,14
527,0,0,2,2,3,3,4,3,0,0,0,0,0,0,0,0,1,3,3,0,10,9,10
528,0,0,2,2,0,1,1,1,0,0,0,0,0,0,0,0,1,3,5,5,9,9,9
529,0,0,4,4,3,3,2,1,0,0,0,0,0,0,0,0,1,3,5,1,11,11,11
530,0,0,3,3,3,3,1,1,0,0,0,0,0,0,0,0,1,4,3,8,7,10,9
531,0,0,1,1,0,3,3,2,0,0,0,0,0,0,0,0,1,3,1,0,10,10,10
532,0,0,2,1,4,3,2,2,0,0,0,0,0,0,0,0,2,2,5,2,9,7,8
533,0,0,2,1,1,3,1,2,0,0,0,0,0,0,0,0,2,2,3,0,14,15,16
534,0,0,4,4,2,4,1,1,0,0,0,0,0,0,0,0,1,2,5,0,11,12,12
535,0,0,1,2,1,3,3,2,0,0,0,0,0,0,0,0,5,5,5,11,9,11,10
536,0,0,2,2,1,1,3,4,0,0,0,0,0,0,0,0,4,5,5,8,13,14,14
537,0,0,2,1,3,3,1,1,0,0,0,0,0,0,0,0,3,3,5,11,12,13,12
538,0,0,2,2,1,1,1,3,0,0,0,0,0,0,0,0,3,3,5,2,11,11,11
539,0,0,4,1,1,1,2,2,0,0,0,0,0,0,0,0,2,4,1,8,9,10,10
540,0,0,3,2,0,1,2,1,0,0,0,0,0,0,0,0,3,3,1,5,9,11,11
541,0,0,2,2,1,1,2,2,0,0,0,0,0,0,0,0,1,3,5,0,11,9,11
542,0,0,4,4,2,3,2,3,0,0,0,0,0,0,0,0,3,5,5,1,10,11,12
543,0,0,4,4,4,1,3,1,3,0,0,0,0,0,0,0,3,3,5,2,9,9,8
544,0,0,1,3,1,1,2,1,0,0,0,0,0,0,0,0,1,2,5,2,12,11,12
545,0,0,3,4,3,1,1,2,1,0,0,0,0,0,0,0,4,4,5,8,8,9,8
546,0,0,4,4,4,4,1,2,0,0,0,0,0,0,0,0,2,5,5,0,13,15,16
547,0,0,4,1,1,0,1,1,0,0,0,0,0,0,0,0,1,2,2,0,10,11,11
548,0,0,1,1,0,0,1,2,0,0,0,0,0,0,0,0,5,5,3,2,11,10,11
549,0,0,4,2,1,1,2,2,0,0,0,0,0,0,0,0,3,3,5,0,17,18,18
550,0,0,2,2,1,3,2,2,0,0,0,0,0,0,0,0,1,2,5,0,12,13,13
551,0,0,3,2,1,1,2,2,0,0,0,0,0,0,0,0,1,2,1,0,13,14,13
552,0,0,1,1,1,1,1,2,2,0,0,0,0,0,0,0,4,3,4,2,9,9,10
553,0,0,1,0,1,1,1,1,0,0,0,0,0,0,0,0,1,2,5,4,11,11,12
554,0,0,1,1,0,0,2,1,0,0,0,0,0,0,0,0,5,5,4,3,10,11,10
555,0,0,1,2,1,1,1,3,0,0,0,0,0,0,0,0,3,4,3,5,13,14,13
556,0,0,1,2,1,0,1,1,0,0,0,0,0,0,0,0,4,4,5,4,9,10,11
557,0,0,3,1,1,1,2,2,3,0,0,0,0,0,0,0,4,4,5,2,7,9,10
558,0,0,2,2,1,1,2,1,0,0,0,0,0,0,0,0,5,5,5,0,8,13,10
559,0,0,1,0,0,0,3,1,1,0,0,0,0,0,0,0,3,2,4,0,12,12,13
560,0,0,1,1,1,3,2,1,0,0,0,0,0,0,0,0,5,5,2,0,10,9,10
561,0,0,1,1,0,0,2,2,0,0,0,0,0,0,0,0,3,3,5,6,10,9,10
562,0,0,2,2,1,3,1,2,0,0,0,0,0,0,0,0,4,3,1,0,11,13,12
563,0,0,2,2,1,1,1,1,1,0,0,0,0,0,0,0,2,1,5,0,7,0,0
564,0,0,3,2,3,1,2,1,0,0,0,0,0,0,0,0,5,5,5,2,11,9,10
565,0,0,1,1,0,1,2,1,0,0,0,0,0,0,0,0,5,5,5,0,10,10,9
566,0,0,1,1,3,1,2,1,1,0,0,0,0,0,0,0,3,3,5,2,9,7,9
567,0,0,3,2,3,1,1,1,1,0,0,0,0,0,0,0,3,1,5,0,4,0,0
568,0,0,3,2,0,3,2,1,3,0,0,0,0,0,0,0,2,1,3,4,6,11,9
569,0,0,3,3,0,0,1,2,2,0,0,0,0,0,0,0,4,5,3,9,4,8,8
570,0,0,2,2,3,3,2,1,0,0,0,0,0,0,0,0,4,3,4,6,7,8,8
571,0,0,2,1,0,1,2,1,3,0,0,0,0,0,0,0,4,3,5,4,8,9,9
572,0,0,3,2,3,0,2,2,2,0,0,0,0,0,0,0,5,5,1,8,5,5,7
573,0,0,1,1,1,0,1,1,0,0,0,0,0,0,0,0,3,2,5,9,7,9,10
574,0,0,1,1,1,1,2,1,1,0,0,0,0,0,0,0,4,3,4,12,8,11,10
575,0,0,4,3,3,3,1,1,0,0,0,0,0,0,0,0,4,4,2,8,10,11,10
576,0,0,3,2,1,1,2,1,0,0,0,0,0,0,0,0,5,5,5,8,9,10,11
577,0,0,1,1,1,3,3,2,1,0,0,0,0,0,0,0,4,4,2,8,10,9,11
578,0,0,3,3,4,1,2,2,1,0,0,0,0,0,0,0,5,4,3,4,8,9,10
579,0,0,1,3,0,3,1,1,0,0,0,0,0,0,0,0,3,3,3,0,9,10,9
580,0,0,1,1,1,1,3,1,1,0,0,0,0,0,0,0,4,4,5,4,8,9,10
581,0,0,1,2,0,1,2,2,2,0,0,0,0,0,0,0,3,3,5,2,6,8,8
582,0,0,1,1,0,1,1,1,0,0,0,0,0,0,0,0,4,4,5,0,6,8,7
583,0,0,2,2,1,1,2,1,1,0,0,0,0,0,0,0,5,5,3,0,8,6,0
584,0,0,0,0,0,1,2,1,0,0,0,0,0,0,0,0,4,3,5,0,10,11,11
585,0,0,3,1,1,0,2,3,0,0,0,0,0,0,0,0,2,3,3,5,8,7,8
586,0,0,4,2,2,3,1,2,0,0,0,0,0,0,0,0,5,5,5,0,8,8,0
587,0,0,2,2,3,3,1,2,1,0,0,0,0,0,0,0,3,3,4,3,7,6,8
588,0,0,4,1,4,0,1,1,0,0,0,0,0,0,0,0,2,2,5,0,8,10,9
589,0,0,1,2,0,1,1,1,0,0,0,0,0,0,0,0,5,1,3,0,7,10,10
590,0,0,1,1,1,1,3,2,2,0,0,0,0,0,0,0,4,4,5,3,7,8,7
591,0,0,2,2,3,0,2,2,0,0,0,0,0,0,0,0,3,5,1,2,12,13,14
592,0,0,3,3,3,3,2,1,0,0,0,0,0,0,0,0,4,3,4,0,11,12,13
593,0,0,1,2,0,1,2,2,0,0,0,0,0,0,0,0,4,3,4,0,12,13,14
594,0,0,4,4,2,2,2,2,0,0,0,0,0,0,0,0,3,5,1,0,18,18,18
595,0,0,4,4,3,1,1,1,0,0,0,0,0,0,0,0,4,5,5,3,17,17,17
596,0,0,4,2,1,1,2,2,0,0,0,0,0,0,0,0,3,3,4,0,17,18,18
597,0,0,2,2,0,1,3,2,1,0,0,0,0,0,0,0,3,3,4,0,9,0,0
598,0,0,1,2,0,3,2,1,0,0,0,0,0,0,0,0,1,4,1,8,10,11,11
599,0,0,4,4,0,3,3,1,0,0,0,0,0,0,0,0,5,5,1,5,12,13,14
600,0,0,1,1,1,3,3,1,0,0,0,0,0,0,0,0,2,3,4,4,12,13,14
601,0,0,2,2,1,1,2,2,0,0,0,0,0,0,0,0,3,1,2,4,8,8,10
602,0,0,2,2,3,3,2,3,0,0,0,0,0,0,0,0,4,5,3,0,11,12,13
603,0,0,4,2,2,1,1,2,0,0,0,0,0,0,0,0,3,1,5,0,5,0,0
604,0,0,1,1,0,3,3,2,1,0,0,0,0,0,0,0,4,2,2,2,9,10,10
605,0,0,1,1,0,3,2,1,1,0,0,0,0,0,0,0,5,5,2,0,5,0,0
606,0,0,4,2,2,1,2,4,0,0,0,0,0,0,0,0,2,3,5,0,18,18,18
607,0,0,2,1,3,1,2,2,0,0,0,0,0,0,0,0,3,3,2,5,11,11,12
608,0,0,1,1,0,3,1,2,0,0,0,0,0,0,0,0,2,3,3,2,8,10,11
609,0,0,1,2,0,0,2,2,0,0,0,0,0,0,0,0,1,1,4,0,11,11,12
610,0,0,1,1,0,0,2,2,3,0,0,0,0,0,0,0,5,4,1,0,8,0,0
611,0,0,2,2,3,1,2,3,0,0,0,0,0,0,0,0,2,1,4,5,14,14,15
612,0,0,4,3,3,1,2,2,1,0,0,0,0,0,0,0,5,5,2,4,10,11,11
613,0,0,3,3,3,3,1,2,0,0,0,0,0,0,0,0,3,4,5,0,10,10,10
614,0,0,4,4,2,3,2,2,0,0,0,0,0,0,0,0,3,3,5,2,12,12,12
615,0,0,3,2,3,1,2,2,0,0,0,0,0,0,0,0,2,3,5,0,15,14,15
616,0,0,1,1,1,3,2,1,0,0,0,0,0,0,0,0,3,2,3,2,14,13,14
617,0,0,1,1,0,3,2,3,0,0,0,0,0,0,0,0,3,2,4,0,19,17,18
618,0,0,1,2,0,1,3,2,0,0,0,0,0,0,0,0,3,4,5,0,16,15,15
619,0,0,3,3,3,3,2,2,0,0,0,0,0,0,0,0,3,2,3,6,13,12,13
620,0,0,4,4,0,0,1,2,0,0,0,0,0,0,0,0,3,4,1,4,15,14,15
621,0,0,1,2,1,3,2,2,0,0,0,0,0,0,0,0,2,2,3,0,13,13,13
622,0,0,1,3,0,1,2,2,0,0,0,0,0,0,0,0,3,4,3,0,8,10,9
623,0,0,4,4,2,3,2,3,0,0,0,0,0,0,0,0,2,2,5,0,15,16,16
624,0,0,1,1,1,3,3,1,1,0,0,0,0,0,0,0,2,1,1,0,8,8,9
625,0,0,2,3,0,3,2,1,0,0,0,0,0,0,0,0,2,3,4,0,10,10,10
626,0,0,4,4,1,2,3,2,0,0,0,0,0,0,0,0,2,2,5,0,7,5,0
627,0,0,1,2,0,3,3,1,0,0,0,0,0,0,0,0,3,3,3,3,9,10,10
628,0,0,2,2,1,0,1,3,0,0,0,0,0,0,0,0,4,3,3,8,10,11,12
629,0,0,1,2,1,1,1,1,0,0,0,0,0,0,0,0,5,5,1,4,7,8,9
630,0,0,4,4,1,1,2,3,0,0,0,0,0,0,0,0,4,4,1,0,15,17,17
631,0,0,1,1,1,1,4,3,0,0,0,0,0,0,0,0,3,2,4,4,10,11,12
632,0,0,1,1,0,1,2,2,1,0,0,0,0,0,0,0,3,3,3,4,7,8,9
633,0,0,4,4,2,3,1,2,0,0,0,0,0,0,0,0,4,3,2,1,13,14,14
634,0,0,3,3,1,1,1,2,0,0,0,0,0,0,0,0,1,3,1,1,16,16,16
635,0,0,3,1,0,1,1,2,0,0,0,0,0,0,0,0,5,4,1,10,8,9,9
636,0,0,4,4,2,2,1,2,0,0,0,0,0,0,0,0,2,4,2,4,17,18,19
637,0,0,2,1,1,1,2,1,0,0,0,0,0,0,0,0,4,3,5,0,7,7,0
638,0,0,2,3,1,3,2,2,0,0,0,0,0,0,0,0,4,3,3,4,14,15,16
639,0,0,1,1,1,3,2,1,1,0,0,0,0,0,0,0,3,2,5,0,5,8,0
640,0,0,4,2,1,1,2,1,1,0,0,0,0,0,0,0,4,3,3,0,7,7,0
641,0,0,2,2,0,1,2,3,0,0,0,0,0,0,0,0,3,3,4,0,14,17,15
642,0,0,4,3,2,1,2,2,0,0,0,0,0,0,0,0,5,4,1,0,6,9,11
643,0,0,4,4,2,0,3,1,0,0,0,0,0,0,0,0,4,3,5,4,7,9,10
644,0,0,2,3,3,1,1,3,1,0,0,0,0,0,0,0,4,2,5,4,10,11,10
645,0,0,3,1,2,3,1,2,0,0,0,0,0,0,0,0,3,4,1,4,15,15,16
646,0,0,1,1,1,1,2,2,0,0,0,0,0,0,0,0,1,1,5,6,11,12,9
647,0,0,3,1,3,3,2,1,0,0,0,0,0,0,0,0,4,5,2,6,10,10,10
648,0,0,3,2,3,1,3,1,0,0,0,0,0,0,0,0,4,1,5,4,10,11,11
